{
    "baseMVA": 100,
    "bus": [
        [0.0, 0.0, 0.4, 1.1, 0.9],
        [1.0, 1.0, 0.4, 1.1, 0.9],
        [2.0, 1.0, 0.4, 1.1, 0.9],
        [3.0, 1.0, 0.4, 1.1, 0.9],
        [4.0, 1.0, 0.4, 1.1, 0.9],
        [5.0, 1.0, 0.4, 1.1, 0.9],
        [6.0, 1.0, 0.4, 1.1, 0.9],
        [7.0, 1.0, 0.4, 1.1, 0.9],
        [8.0, 1.0, 0.4, 1.1, 0.9],
        [9.0, 1.0, 0.4, 1.1, 0.9],
        [10.0, 1.0, 0.4, 1.1, 0.9],
        [11.0, 1.0, 0.4, 1.1, 0.9],
        [12.0, 1.0, 0.4, 1.1, 0.9],
        [13.0, 1.0, 0.4, 1.1, 0.9],
        [14.0, 1.0, 0.4, 1.1, 0.9],
        [15.0, 1.0, 0.4, 1.1, 0.9],
        [16.0, 1.0, 0.4, 1.1, 0.9],
        [17.0, 1.0, 0.4, 1.1, 0.9],
        [18.0, 1.0, 0.4, 1.1, 0.9],
        [19.0, 1.0, 0.4, 1.1, 0.9],
        [20.0, 1.0, 0.4, 1.1, 0.9],
        [21.0, 1.0, 0.4, 1.1, 0.9],
        [22.0, 1.0, 0.4, 1.1, 0.9],
        [23.0, 1.0, 0.4, 1.1, 0.9],
        [24.0, 1.0, 0.4, 1.1, 0.9],
        [25.0, 1.0, 0.4, 1.1, 0.9],
        [26.0, 1.0, 0.4, 1.1, 0.9],
        [27.0, 1.0, 0.4, 1.1, 0.9],
        [28.0, 1.0, 0.4, 1.1, 0.9],
        [29.0, 1.0, 0.4, 1.1, 0.9],
        [30.0, 1.0, 0.4, 1.1, 0.9],
        [31.0, 1.0, 0.4, 1.1, 0.9],
        [32.0, 1.0, 0.4, 1.1, 0.9],
        [33.0, 1.0, 0.4, 1.1, 0.9],
        [34.0, 1.0, 0.4, 1.1, 0.9],
        [35.0, 1.0, 0.4, 1.1, 0.9],
        [36.0, 1.0, 0.4, 1.1, 0.9],
        [37.0, 1.0, 0.4, 1.1, 0.9],
        [38.0, 1.0, 0.4, 1.1, 0.9],
        [39.0, 1.0, 0.4, 1.1, 0.9],
        [40.0, 1.0, 0.4, 1.1, 0.9],
        [41.0, 1.0, 0.4, 1.1, 0.9],
        [42.0, 1.0, 0.4, 1.1, 0.9],
        [43.0, 1.0, 0.4, 1.1, 0.9]
    ],
    "device": [
        [
            0,
            2,
            -1,
            0.3286841052631579,
            0.19,
            0,
            null,
            null,
            null,
            null,
            null,
            null,
            null,
            null,
            null
        ],
        [
            1,
            12,
            -1,
            0.32868407017543855,
            0.01425,
            0,
            null,
            null,
            null,
            null,
            null,
            null,
            null,
            null,
            null
        ],
        [
            2,
            16,
            -1,
            0.3286841093117409,
            0.0494,
            0,
            null,
            null,
            null,
            null,
            null,
            null,
            null,
            null,
            null
        ],
        [
            3,
            17,
            -1,
            0.32868409569377993,
            0.05225,
            0,
            null,
            null,
            null,
            null,
            null,
            null,
            null,
            null,
            null
        ],
        [
            4,
            18,
            -1,
            0.3286840902255639,
            0.03325,
            0,
            null,
            null,
            null,
            null,
            null,
            null,
            null,
            null,
            null
        ],
        [
            5,
            19,
            -1,
            0.3286840985442329,
            0.04465,
            0,
            null,
            null,
            null,
            null,
            null,
            null,
            null,
            null,
            null
        ],
        [
            6,
            22,
            -1,
            0.6197443411764706,
            0.085,
            0,
            null,
            null,
            null,
            null,
            null,
            null,
            null,
            null,
            null
        ],
        [
            7,
            24,
            -1,
            0.48432210185185187,
            0.108,
            0,
            null,
            null,
            null,
            null,
            null,
            null,
            null,
            null,
            null
        ],
        [
            8,
            35,
            -1,
            0.4843221111111112,
            0.018,
            0,
            null,
            null,
            null,
            null,
            null,
            null,
            null,
            null,
            null
        ],
        [
            9,
            36,
            -1,
            0.4843221111111112,
            0.018,
            0,
            null,
            null,
            null,
            null,
            null,
            null,
            null,
            null,
            null
        ],
        [
            10,
            37,
            -1,
            0.48432208888888895,
            0.0225,
            0,
            null,
            null,
            null,
            null,
            null,
            null,
            null,
            null,
            null
        ],
        [
            11,
            40,
            -1,
            0.48432208888888895,
            0.0225,
            0,
            null,
            null,
            null,
            null,
            null,
            null,
            null,
            null,
            null
        ],
        [
            12,
            41,
            -1,
            0.4843220833333333,
            0.0072,
            0,
            null,
            null,
            null,
            null,
            null,
            null,
            null,
            null,
            null
        ],
        [
            13,
            42,
            -1,
            0.4843220833333333,
            0.0144,
            0,
            null,
            null,
            null,
            null,
            null,
            null,
            null,
            null,
            null
        ],
        [
            14,
            43,
            -1,
            0.4843220833333333,
            0.0072,
            0,
            null,
            null,
            null,
            null,
            null,
            null,
            null,
            null,
            null
        ],
        [
            15,
            12,
            2,
            null,
            0.005,
            0,
            0.005,
            -0.005,
            0.005,
            null,
            0.005,
            -0.005,
            null,
            null,
            null
        ],
        [
            16,
            16,
            2,
            null,
            0.03,
            0,
            0.03,
            -0.03,
            0.03,
            null,
            0.03,
            -0.03,
            null,
            null,
            null
        ],
        [
            17,
            17,
            2,
            null,
            0.02,
            0,
            0.02,
            -0.02,
            0.02,
            null,
            0.02,
            -0.02,
            null,
            null,
            null
        ],
        [
            18,
            18,
            2,
            null,
            0.005,
            0,
            0.005,
            -0.005,
            0.005,
            null,
            0.005,
            -0.005,
            null,
            null,
            null
        ],
        [
            19,
            19,
            2,
            null,
            0.02,
            0,
            0.02,
            -0.02,
            0.02,
            null,
            0.02,
            -0.02,
            null,
            null,
            null
        ],
        [
            20,
            12,
            3,
            null,
            0.001,
