{
    "baseMVA": 100,
    "bus": [
        [0.0, 0.0, 0.4, 1.0, 1.0],
        [1.0, 1.0, 0.4, 1.1, 0.9],
        [2.0, 1.0, 0.4, 1.1, 0.9],
        [3.0, 1.0, 0.4, 1.1, 0.9],
        [4.0, 1.0, 0.4, 1.1, 0.9],
        [5.0, 1.0, 0.4, 1.1, 0.9],
        [6.0, 1.0, 0.4, 1.1, 0.9],
        [7.0, 1.0, 0.4, 1.1, 0.9],
        [8.0, 1.0, 0.4, 1.1, 0.9],
        [9.0, 1.0, 0.4, 1.1, 0.9],
        [10.0, 1.0, 0.4, 1.1, 0.9]
    ],
    "device": [
        [
            0,
            9,
            -1,
            0.3286841052631579,
            0,
            -190.0,
            null,
            null,
            null,
            null,
            null,
            null,
            null,
            null,
            null
        ],
        [
            1,
            10,
            -1,
            0.34966653333333336,
            0,
            -150.0,
            null,
            null,
            null,
            null,
            null,
            null,
            null,
            null,
            null
        ],
        [
            2,
            9,
            2,
            null,
            5.0,
            0,
            5.0,
            -5.0,
            5.0,
            null,
            5.0,
            -5.0,
            null,
            null,
            null
        ],
        [
            3,
            9,
            3,
            null,
            10.0,
            -10.0,
            10.0,
            -10.0,
            10.0,
            -10.0,
            10.0,
            -10.0,
            100.0,
            0,
            0.98
        ],
        [
            4,
            0,
            0,
            null,
            100,
            -100,
            100,
            -100,
            null,
            null,
            null,
            null,
            null,
            null,
            null
        ]
    ],
    "branch": [
        [0.0, 1.0, 0.0056700000000000006, 0.002912, 0.0, 0.4, 1.0, 0.0],
        [1.0, 2.0, 0.0056700000000000006, 0.002912, 0.0, 0.4, 1.0, 0.0],
        [2.0, 3.0, 0.0056700000000000006, 0.002912, 0.0, 0.4, 1.0, 0.0],
        [3.0, 4.0, 0.0056700000000000006, 0.002912, 0.0, 0.4, 1.0, 0.0],
        [4.0, 5.0, 0.0056700000000000006, 0.002912, 0.0, 0.4, 1.0, 0.0],
        [5.0, 6.0, 0.0056700000000000006, 0.002912, 0.0, 0.4, 1.0, 0.0],
        [6.0, 7.0, 0.0056700000000000006, 0.002912, 0.0, 0.4, 1.0, 0.0],
        [7.0, 8.0, 0.0056700000000000006, 0.002912, 0.0, 0.4, 1.0, 0.0],
        [8.0, 9.0, 0.0056700000000000006, 0.002912, 0.0, 0.4, 1.0, 0.0],
        [4.0, 10.0, 0.0056700000000000006, 0.002912, 0.0, 0.4, 1.0, 0.0]
    ]
}
